[
    {
        "ParameterKey": "AvailabilityZones",
        "ParameterValue": "$[taskcat_getaz_2]"
    },
    {
        "ParameterKey": "BastionAMIOS",
        "ParameterValue": "Ubuntu-Server-16.04-LTS-HVM"
    },
    {
        "ParameterKey": "BastionInstanceType",
        "ParameterValue": "t2.micro"
    },
    {
        "ParameterKey": "KeyPairName",
        "ParameterValue": "$[taskcat_getkeypair]"
    },
    {
        "ParameterKey": "PrivateSubnet1CIDR",
        "ParameterValue": "10.0.0.0/19"
    },
    {
        "ParameterKey": "PrivateSubnet2CIDR",
        "ParameterValue": "10.0.32.0/19"
    },
    {
        "ParameterKey": "PublicSubnet1CIDR",
        "ParameterValue": "10.0.128.0/20"
    },
    {
        "ParameterKey": "PublicSubnet2CIDR",
        "ParameterValue": "10.0.144.0/20"
    },
    {
        "ParameterKey": "RemoteAccessCIDR",
        "ParameterValue": "10.0.0.0/16"
    },
    {
        "ParameterKey": "VPCCIDR",
        "ParameterValue": "10.0.0.0/16"
    },
    {
        "ParameterKey":"QSS3BucketName",
        "ParameterValue":"$[taskcat_autobucket]"
    }
]
