[
    {
        "ParameterKey": "AdminPassword",
        "ParameterValue": "$[taskcat_genpass_16]"
    },
    {
        "ParameterKey": "AdminUser",
        "ParameterValue": "StackAdmin"
    },
    {
        "ParameterKey": "AvailabilityZones",
        "ParameterValue": "$[taskcat_getaz_2]"
    },
    {
        "ParameterKey": "DomainDNSName",
        "ParameterValue": "example.com"
    },
    {
        "ParameterKey": "KeyPairName",
        "ParameterValue": "$[taskcat_getkeypair]"
    },
    {
        "ParameterKey": "NumberOfRDGWHosts",
        "ParameterValue": "4"
    },
    {
        "ParameterKey": "PrivateSubnet1CIDR",
        "ParameterValue": "10.0.0.0/19"
    },
    {
        "ParameterKey": "PrivateSubnet2CIDR",
        "ParameterValue": "10.0.32.0/19"
    },
    {
        "ParameterKey": "PublicSubnet1CIDR",
        "ParameterValue": "10.0.128.0/20"
    },
    {
        "ParameterKey": "PublicSubnet2CIDR",
        "ParameterValue": "10.0.144.0/20"
    },
    {
        "ParameterKey": "RDGWInstanceType",
        "ParameterValue": "t2.large"
    },
    {
        "ParameterKey": "RDGWCIDR",
        "ParameterValue": "10.0.0.0/16"
    },
    {
        "ParameterKey": "VPCCIDR",
        "ParameterValue": "10.0.0.0/16"
    },
    {
        "ParameterKey": "VPCTenancy",
        "ParameterValue": "default"
    },
    {
        "ParameterKey": "QSS3BucketName",
        "ParameterValue": "$[taskcat_autobucket]"
    }
]
