[

  {
    "ParameterKey": "AvailabilityZones",
    "ParameterValue": "$[taskcat_genaz_2]"
  },
  {
    "ParameterKey": "KeyPairName",
    "ParameterValue": "$[alfred_getkeypair]"
  },
  {
    "ParameterKey": "OperatorEmail",
    "ParameterValue": "quickstart@example.com"
  },
  {
    "ParameterKey": "LicenseAgreementTerms",
    "ParameterValue": "Accept"
  },
  {
    "ParameterKey": "RemoteAccessCIDR",
    "ParameterValue": "10.0.0.0/16"
  },
  {
    "ParameterKey":"QSS3BucketName",
    "ParameterValue":"$[taskcat_autobucket]"
  }
]
